[[{"Category":"DUI","arrest_count":"218"},{"Category":"Drugs","arrest_count":"100"},{"Category":"Domestic violence","arrest_count":"98"},{"Category":"Assault","arrest_count":"74"},{"Category":"Disorderly conduct","arrest_count":"44"}],[{"Name":"Adam Jones","Position":"CB","arrest_count":"10"},{"Name":"Kenny Britt","Position":"WR","arrest_count":"7"},{"Name":"Chris Henry","Position":"WR","arrest_count":"6"},{"Name":"Aldon Smith","Position":"LB","arrest_count":"5"},{"Name":"Leonardo Carson","Position":"DT","arrest_count":"4"}],[{"Position":"WR","arrest_count":"140"},{"Position":"LB","arrest_count":"119"},{"Position":"CB","arrest_count":"116"},{"Position":"RB","arrest_count":"99"},{"Position":"DT","arrest_count":"80"}]]