<?xml version="1.0" encoding="UTF-8" standalone="yes"?>
<notifications><notification type="string" category="session_fail" mail="" ip="XB+O50i04MLOVNfWYUAfpWzi7f7tTR5wtbFFcLaFwd4=" date="1507435781"/><notification type="string" category="session_start" mail="" ip="XB+O50i04MLOVNfWYUAfpWzi7f7tTR5wtbFFcLaFwd4=" date="1507435787"/><notification type="string" category="session_fail" mail="" ip="XB+O50i04MLOVNfWYUAfpWzi7f7tTR5wtbFFcLaFwd4=" date="1507443665"/><notification type="string" category="session_start" mail="" ip="XB+O50i04MLOVNfWYUAfpWzi7f7tTR5wtbFFcLaFwd4=" date="1507443670"/><notification type="string" category="session_start" mail="" ip="XB+O50i04MLOVNfWYUAfpWzi7f7tTR5wtbFFcLaFwd4=" date="1507447621"/><notification type="string" category="session_fail" mail="" ip="4eSydADgKNPlpJBakg71SWqZNTOLF/3vf4HWUkrFID4=" date="1509136262"/><notification type="string" category="session_start" mail="" ip="4eSydADgKNPlpJBakg71SWqZNTOLF/3vf4HWUkrFID4=" date="1509136269"/><notification type="string" category="session_start" mail="" ip="4eSydADgKNPlpJBakg71SWqZNTOLF/3vf4HWUkrFID4=" date="1509140382"></notification></notifications>
