<?xml version="1.0" encoding="utf-8" standalone="yes"?>
<tags autoinc="7"><list><tag id="0" name="database" name_human="database"/><tag id="1" name="cache" name_human="cache"/><tag id="2" name="performance" name_human="performance"/><tag id="3" name="data" name_human="data"/><tag id="4" name="dw" name_human="dw"/><tag id="5" name="datawarehouse" name_human="data warehouse"/><tag id="6" name="diagram" name_human="diagram"/></list><links><link id_tag="0" id_post="2"></link><link id_tag="1" id_post="2"></link><link id_tag="2" id_post="2"></link><link id_tag="3" id_post="2"></link><link id_tag="4" id_post="2"></link><link id_tag="5" id_post="2"></link><link id_tag="6" id_post="2"></link></links></tags>
