<?xml version="1.0" encoding="UTF-8" standalone="yes"?>
<users><user username="Patrickmurphyphoto"><id type="integer">0</id><session_fail_count type="integer">0</session_fail_count><session_date type="integer">1509140382</session_date></user><blacklist type="string" ip="72.233.207.51"><date type="integer">1509136262</date><fail_count type="integer">1</fail_count></blacklist><blacklist type="string" ip="71.94.163.234"><date type="integer">1507332157</date><fail_count type="integer">1</fail_count></blacklist><blacklist type="string" ip="71.80.195.163"><date type="integer">1507443665</date><fail_count type="integer">1</fail_count></blacklist></users>
